Year,Day,Part,PC (ms),RP2040 (ms),RP2350 (ms),RP2350 @ 300MHz (ms),,,,,
2015,1,1,0.122,65.619,42.581,28.15,,Min,Max,Avg,Median
2015,1,2,0.082,64.128,42.279,28.024,,2.237,27764.055,1207.659245,215.076
2015,2,1,0.19,80.484,56.173,32.261,,,,,
2015,2,2,0.205,80.029,55.74,32.298,,,,,
2015,3,1,0.307,90.747,56.331,35.904,,,,,
2015,3,2,0.355,89.964,55.225,35.676,,,,,
2015,4,1,8.408,834.399,403.33,202.1,,,,,
2015,4,2,276.745,27764.055,13464.475,6732.275,,,,,
2015,5,1,3.061,620.047,321.098,173.952,,,,,
2015,5,2,3.463,752.972,419.711,218.752,,,,,
2015,6,1,13.232,804.371,581.009,296.139,,,,,
2015,6,2,10.108,2239.112,1218.86,614.149,,,,,
2015,7,1,0.174,63.37,39.988,22.791,,,,,
2015,7,2,0.187,66.621,42.306,24.394,,,,,
2015,8,1,0.14,63.658,39.191,26.024,,,,,
2015,8,2,0.14,64.167,40.922,25.987,,,,,
2015,9,1,2.919,300.299,204.781,103.166,,,,,
2015,9,2,2.821,299.761,205.412,103.587,,,,,
2015,10,1,0.059,3.134,2.014,1.046,,,,,
2015,10,2,0.07,3.439,1.89,1.223,,,,,
2015,11,1,1.02,215.076,103.289,51.708,,,,,
2015,11,2,5.141,1171.766,504.883,252.805,,,,,
2015,12,1,2.766,556.815,350.755,212.881,,,,,
2015,12,2,0.688,379.286,225.296,145.6,,,,,
2015,13,1,0.21,56.054,31.976,17.977,,,,,
2015,13,2,0.711,156.584,78.439,41.518,,,,,
2015,14,1,0.052,8.283,5.534,3.625,,,,,
2015,14,2,0.129,26.991,15.825,8.29,,,,,
2015,15,1,1.528,276.748,142.31,71.354,,,,,
2015,15,2,1.574,265.705,132.535,66.441,,,,,
2015,16,1,0.27,200.104,130.718,85.55,,,,,
2015,16,2,0.395,239.618,147.509,90.854,,,,,
2015,17,1,8.821,1367.746,777.925,389.282,,,,,
2015,17,2,8.882,1367.367,777.789,389.13,,,,,
2015,18,1,3.259,853.137,467.478,243.501,,,,,
2015,18,2,3.282,852.746,467.102,243.872,,,,,
2015,19,1,0.7,98.77,52.145,27.297,,,,,
2015,19,2,0.11,55.291,37.657,19.658,,,,,
2015,20,1,4.379,985.618,389.906,195.562,,,,,
2015,20,2,6.191,1570.474,599.657,300.141,,,,,
2015,21,1,0.062,6.842,3.955,2.33,,,,,
2015,21,2,0.044,4.181,2.575,1.359,,,,,
2015,22,1,26.965,3454.953,1787.479,894.251,,,,,
2015,22,2,4.033,518.586,268.115,134.104,,,,,
2015,23,1,0.048,5.163,3.484,2.467,,,,,
2015,23,2,0.041,4.68,3.245,1.914,,,,,
2015,24,1,40.308,9482.642,3309.633,1655.219,,,,,
2015,24,2,2.747,641.464,224.147,112.307,,,,,
2015,25,1,0.046,2.237,1.624,0.842,,,,,
2015,25,2,,,,,,,,,
,,,,,,,,,,,
Year,Day,Part,PC (ms),RP2040 (ms),RP2350 (ms),RP2350 @ 300MHz (ms),,,,,
2016,1,1,0.041,8.012,4.8,2.914,,Min,Max,Avg,Median
2016,1,2,0.041,8.849,5.082,2.969,,0.755,450195.662,17832.64284,134.623
2016,2,1,0.077,27.958,18.657,11.131,,,,,
2016,2,2,0.078,28.373,18.958,11.044,,,,,
2016,3,1,0.43,251.307,167.105,101.516,,,,,
2016,3,2,0.424,251.299,168.144,100.58,,,,,
2016,4,1,3.567,609.55,411.182,237.756,,,,,
2016,4,2,0.664,451.715,296.001,174.909,,,,,
2016,5,1,709.224,93394.042,41964.46,20982.713,,,,,
2016,5,2,2114.968,280235.986,124677.791,62339.39,,,,,
2016,6,1,0.112,56.384,35.301,22.784,,,,,
2016,6,2,0.11,55.628,34.235,22.58,,,,,
2016,7,1,3.333,1807.537,1174.043,703.038,,,,,
2016,7,2,3.466,1829.469,1178.929,699.528,,,,,
2016,8,1,0.137,45.355,29.302,17.474,,,,,
2016,8,2,0.412,48.27,32.852,20.197,,,,,
2016,9,1,0.206,123.262,81.095,53.795,,,,,
2016,9,2,0.275,134.623,82.389,54.034,,,,,
2016,10,1,0.307,118.502,74.115,42.203,,,,,
2016,10,2,0.31,118.546,74.715,41.722,,,,,
2016,11,1,4.067,521.335,294.012,147.924,,,,,
2016,11,2,23.854,2905.414,1651.349,825.943,,,,,
2016,12,1,5.328,224.481,138.352,69.537,,,,,
2016,12,2,153.841,6425.617,4124.113,2062.338,,,,,
2016,13,1,0.036,1.97,1.283,0.698,,,,,
2016,13,2,0.034,1.283,0.986,0.757,,,,,
2016,14,1,3.766,599.749,237.716,119.383,,,,,
2016,14,2,3584.293,450195.662,203136.451,101567.845,,,,,
2016,15,1,0.038,4.299,3.076,1.954,,,,,
2016,15,2,0.036,4.874,2.851,1.868,,,,,
2016,16,1,0.04,1.423,1.074,0.763,,,,,
2016,16,2,55.009,26765.52,9970.518,4985.538,,,,,
2016,17,1,0.064,3.031,1.941,1.42,,,,,
2016,17,2,14.325,1929.726,910.193,455.274,,,,,
2016,18,1,0.056,1.748,1.354,0.95,,,,,
2016,18,2,2.603,1144.572,614.822,307.735,,,,,
2016,19,1,0.04,0.755,0.867,0.61,,,,,
2016,19,2,0.032,0.9,0.807,0.792,,,,,
2016,20,1,0.345,201.035,122.457,80.38,,,,,
2016,20,2,0.361,200.247,124.938,80.175,,,,,
2016,21,1,0.186,85.512,43.844,24.35,,,,,
2016,21,2,8.844,1386.837,674.075,339.238,,,,,
2016,22,1,1.083,617.28,347.901,217.188,,,,,
2016,22,2,0.784,487.329,302.963,194.072,,,,,
2016,23,1,0.192,11.392,7.2,4.382,,,,,
2016,23,2,0.2,11.223,7.585,4.175,,,,,
2016,24,1,0.842,206.126,123.609,69.789,,,,,
2016,24,2,0.793,207.27,123.792,69.613,,,,,
2016,25,1,0.367,48.222,26.787,13.785,,,,,
2016,25,2,,,,,,,,,
,,,,,,,,,,,
Year,Day,Part,PC (ms),RP2040 (ms),RP2350 (ms),RP2350 @ 300MHz (ms),,,,,
2017,1,1,0.064,20.081,12.925,8.645,,Min,Max,Avg,Median
2017,1,2,0.063,20.339,12.945,8.627,,0.698,13121.265,960.1561837,210.754
2017,2,1,0.05,11.654,7.795,5.032,,,,,
2017,2,2,0.047,12.875,8.233,5.237,,,,,
2017,3,1,0.026,0.698,0.619,0.518,,,,,
2017,3,2,0.033,1.259,1.009,0.617,,,,,
2017,4,1,0.412,228.302,148.474,90.741,,,,,
2017,4,2,0.43,237.218,155.802,90.868,,,,,
2017,5,1,0.907,80.734,53.005,29.561,,,,,
2017,5,2,60.873,2962.407,1958.581,983.32,,,,,
2017,6,1,0.211,24.483,12.645,6.568,,,,,
2017,6,2,0.221,37.962,17.007,8.766,,,,,
2017,7,1,0.364,217.64,131.213,85.895,,,,,
2017,7,2,0.492,230.758,139.882,87.537,,,,,
2017,8,1,0.759,324.29,216.286,130.476,,,,,
2017,8,2,0.786,325.875,218.452,131.068,,,,,
2017,9,1,0.253,143.2,93.009,61.926,,,,,
2017,9,2,0.243,145.303,92.837,61.675,,,,,
2017,10,1,0.032,1.267,1.378,0.761,,,,,
2017,10,2,0.093,17.984,9.047,5.006,,,,,
2017,11,1,0.327,206.709,128.096,85.653,,,,,
2017,11,2,0.335,210.754,128.001,85.861,,,,,
2017,12,1,0.62,350.207,220.493,139.558,,,,,
2017,12,2,0.637,351.946,221.276,140.401,,,,,
2017,13,1,0.036,3.473,2.371,1.519,,,,,
2017,13,2,2.703,956.996,688.107,344.804,,,,,
2017,14,1,10.099,855.935,377.901,189.341,,,,,
2017,14,2,10.339,908.77,406.909,204.118,,,,,
2017,15,1,125.834,13121.265,7467.784,3734.432,,,,,
2017,15,2,165.445,9519.799,6100.063,3050.289,,,,,
2017,16,1,0.907,484.776,308.091,192.855,,,,,
2017,16,2,5.198,943.233,586.289,337.944,,,,,
2017,17,1,0.047,2.022,2.186,1.283,,,,,
2017,17,2,0.055,2.759,1.322,1.013,,,,,
2017,18,1,0.052,6.978,4.308,2.625,,,,,
2017,18,2,0.65,77.003,34.641,17.545,,,,,
2017,19,1,0.652,393.879,247.533,163.5,,,,,
2017,19,2,0.649,394.019,246.26,163.079,,,,,
2017,20,1,0.858,487.985,315.804,194.708,,,,,
2017,20,2,1.487,561.401,349.664,209.478,,,,,
2017,21,1,0.086,37.055,22.641,14.98,,,,,
2017,21,2,0.129,38.15,23.87,15.552,,,,,
2017,22,1,0.077,13.889,8.478,5.005,,,,,
2017,22,2,57.809,6581.511,3134.776,1568.657,,,,,
2017,23,1,0.127,12.328,7.772,4.649,,,,,
2017,23,2,0.072,9.56,6.516,3.618,,,,,
2017,24,1,7.324,1266.112,565.683,284.011,,,,,
2017,24,2,7.491,1709.005,876.08,438.993,,,,,
2017,25,1,44.45,2495.805,1084.948,544.702,,,,,
2017,25,2,,,,,,,,,
,,,,,,,,,,,
Year,Day,Part,PC (ms),RP2040 (ms),RP2350 (ms),RP2350 @ 300MHz (ms),,,,,
2018,1,1,0.088,36.543,25.895,14.952,,Min,Max,Avg,Median
2018,1,2,0.103,38.129,25.645,15.529,,4.52,9074.706,687.0477447,318.475
2018,2,1,0.118,66.721,40.648,26.832,,,,,
2018,2,2,0.489,92.902,56.761,35.515,,,,,
2018,3,1,1.923,520.764,362.72,200.898,,,,,
2018,3,2,0.684,298.158,199.27,118.521,,,,,
2018,4,1,0.491,316.023,192.173,128.073,,,,,
2018,4,2,0.502,318.475,193.683,128.697,,,,,
2018,5,1,0.963,490.881,295.206,186.564,,,,,
2018,5,2,1.684,585.284,336.079,215.58,,,,,
2018,6,1,2.939,767.297,413.679,207.787,,,,,
2018,6,2,0.081,24.86,18.199,9.923,,,,,
2018,7,1,0.117,47.334,30.435,20.115,,,,,
2018,7,2,0.104,49.504,30.501,20.3,,,,,
2018,8,1,0.611,332.75,222.183,129.806,,,,,
2018,8,2,0.635,331.974,222.404,125.976,,,,,
2018,9,1,0.204,85.44,25.37,13.08,,,,,
2018,9,2,10.36,,3456.051,1772.943,,,,,
2018,10,1,0.758,153.337,99.919,65.129,,,,,
2018,10,2,0.251,145.37,91.218,57.85,,,,,
2018,11,1,0.496,168.236,76.766,38.669,,,,,
2018,11,2,2.397,588.337,322.005,161.763,,,,,
2018,12,1,0.12,28.763,15.236,8.054,,,,,
2018,12,2,2.04,350.656,198.441,99.634,,,,,
2018,13,1,0.575,264.045,161.535,97.264,,,,,
2018,13,2,2.668,582.302,333.811,189.996,,,,,
2018,14,1,4.245,790.669,244.708,123.296,,,,,
2018,14,2,108.508,,8278.988,4155.5,,,,,
2018,15,1,8.407,1016.329,591.093,297.215,,,,,
2018,15,2,38.65,4317.628,2477.208,1240.677,,,,,
2018,16,1,0.871,555.631,341.675,198.15,,,,,
2018,16,2,1.032,571.824,351.146,199.369,,,,,
2018,17,1,4.268,998.641,630.684,352.873,,,,,
2018,17,2,4.332,1000.432,631.858,352.869,,,,,
2018,18,1,0.881,189.038,113.328,59.218,,,,,
2018,18,2,25.068,9074.706,5410.128,2707.95,,,,,
2018,19,1,56.446,2329.59,1258.546,630.138,,,,,
2018,19,2,0.043,7.15,4.344,2.431,,,,,
2018,20,1,0.334,144.538,87.842,57.91,,,,,
2018,20,2,0.349,148.224,88.83,57.876,,,,,
2018,21,1,0.045,4.52,3.187,1.925,,,,,
2018,21,2,0.077,8.564,5.728,3.125,,,,,
2018,22,1,0.071,7.671,3.796,1.96,,,,,
2018,22,2,3.729,331.511,174.963,87.618,,,,,
2018,23,1,0.73,443.736,303.67,177.386,,,,,
2018,23,2,1.357,480.574,334.705,187.345,,,,,
2018,24,1,0.708,172.865,91.621,47.987,,,,,
2018,24,2,12.427,2206.518,1165.28,585.335,,,,,
2018,25,1,1.832,806.8,493.744,253.886,,,,,
2018,25,2,,,,,,,,,
